/* Assignment8
   Mengyuan Li (ml26) */

-- T1: create table A8_PERSON
CREATE TABLE A8_PERSON (
    PersonID NUMBER NOT NULL,
    FirstNM VARCHAR2(20) NOT NULL,
    LastNM VARCHAR2(20) NOT NULL,
    Age NUMBER,
    Gender VARCHAR2(10),
    PhoneNumber VARCHAR2(20),
    State VARCHAR2(20),
    City VARCHAR2(20),
    Street VARCHAR2(20),
    Zip VARCHAR2(20)
);

ALTER TABLE A8_PERSON ADD CONSTRAINT A8_PERSON_PK PRIMARY KEY (PersonID);

ALTER TABLE A8_PERSON ADD CONSTRAINT A8_PERSON_PhoneNumber_CK
    CHECK (REGEXP_LIKE(PhoneNumber, '^[[:digit:]]{10}$'));
ALTER TABLE A8_PERSON ADD CONSTRAINT A8_PERSON_Zip_CK
    CHECK (REGEXP_LIKE(Zip, '^[[:digit:]]{5}[-/.][[:digit:]]{4}$') or REGEXP_LIKE(Zip, '^[0-9]{5}$' ));
ALTER TABLE A8_PERSON ADD CONSTRAINT A8_PERSON_Gender_CK
    CHECK (REGEXP_LIKE(Gender, 'M|F'));

INSERT INTO A8_PERSON VALUES (1, 'Ann', 'Dhis', 21, 'F', '7382919281', 'IL', 'Urbana', 'street1', '61801');
INSERT INTO A8_PERSON VALUES (2, 'Bill', 'Vdhi', 45, 'M', '4738271829', 'IL', 'Champaign', 'street2', '82918');
INSERT INTO A8_PERSON VALUES (3, 'Fred', 'Ashdo', 34, 'M', '7391829129', 'NY', 'New York', 'street3', '28912');
INSERT INTO A8_PERSON VALUES (4, 'Wendy', 'Ersoa', 66, 'F', '3892182910', 'MA', 'Deonl', 'street4', '29102');
INSERT INTO A8_PERSON VALUES (5, 'John', 'Lan', 32, 'M', '2781271828', 'IL', 'Chicago', 'street2', '37281');
INSERT INTO A8_PERSON VALUES (6, 'Candy', 'Vrow', 25, 'F', '3729192018', 'CA', 'Los Angeles', 'street6', '38291');
INSERT INTO A8_PERSON VALUES (7, 'David', 'Hook', 36, 'M', '4738829311', 'IL', 'Urbana', 'street8', '37921');
INSERT INTO A8_PERSON VALUES (8, 'Reoha', 'Li', 67, 'M', '3829192819', 'CO', 'Denver', 'street7', '63721');
INSERT INTO A8_PERSON VALUES (9, 'Hehu', 'Chen', 19, 'F', '4738182910', 'NY', 'New York', 'street0', '38921');
INSERT INTO A8_PERSON VALUES (10, 'Fijima', 'Suzimi', 27, 'M', '5749382920', 'IL', 'Chicago', 'street5', '28910');
INSERT INTO A8_PERSON VALUES (11, 'Masaki', 'Suda', 34, 'M', '5748383910', 'MA', 'Venskoma', 'street6', '37291');
INSERT INTO A8_PERSON VALUES (12, 'Rena', 'White', 67, 'F', '3728172910', 'CA', 'Sacramento','street2', '73829');
INSERT INTO A8_PERSON VALUES (13, 'Shirley', 'Insma', 38, 'F', '3829192810', 'IL', 'Urbana', 'street1', '61801');
INSERT INTO A8_PERSON VALUES (14, 'Thomas', 'Wieknd', 45, 'M', '3829182716', 'CA', 'San Fransisco', 'street8', '28192');
INSERT INTO A8_PERSON VALUES (15, 'Lisa', 'Wang', 39, 'F', '2728182817', 'IL', 'Champaign', 'street2', '82918');
INSERT INTO A8_PERSON VALUES (16, 'Romas', 'Hesin', 56, 'M', '3729382910', 'MA', 'Venskoma', 'street6', '37291');
INSERT INTO A8_PERSON VALUES (17, 'Helin', 'Ewol', 29, 'F', '3721920318', 'IL', 'Chicago', 'street5', '28910');
INSERT INTO A8_PERSON VALUES (18, 'Lamin', 'Wenso', 37, 'M', '3729182910', 'CA', 'Los Angeles', 'street6', '38291');
INSERT INTO A8_PERSON VALUES (19, 'Ishima', 'Djaols', 25, 'F', '2719281921', 'IL', 'Champaign', 'street2', '82918');
INSERT INTO A8_PERSON VALUES (20, 'Lacome', 'Djsola', 31, 'M', '2891829110', 'MA', 'Venskoma', 'street6', '37291');
INSERT INTO A8_PERSON VALUES (21, 'Esheima', 'Ehdiao', 32, 'M', '3628182912', 'IL', 'Champaign', 'street2', '82918');
INSERT INTO A8_PERSON VALUES (22, 'Gehsoa', 'Wang', 26, 'F', '2728291821', 'IL', 'Chicago', 'street5', '28910');
INSERT INTO A8_PERSON VALUES (23, 'Wangfu', 'Qin', 25, 'F', '2718219212', 'CO', 'Denver', 'street7', '63721');
INSERT INTO A8_PERSON VALUES (24, 'Annie', 'Qwajhi', 29, 'F', '2819281934', 'IL', 'Urbana', 'street8', '37921');
INSERT INTO A8_PERSON VALUES (25, 'Edward', 'Hesij', 30, 'M', '2818202819', 'CA', 'Sacramento','street2', '73829');
INSERT INTO A8_PERSON VALUES (26, 'Edhoah', 'Jkdhao', 32, 'M', '3729371232', 'CA', 'Sacramento','street5', '73822');

-- T2: create table A8_PATIENT
CREATE TABLE A8_PATIENT (
    PatientID NUMBER NOT NULL
);
ALTER TABLE A8_PATIENT ADD CONSTRAINT A8_PATIENT_PK PRIMARY KEY (PatientID);
ALTER TABLE A8_PATIENT ADD CONSTRAINT A8_PATIENT_FK FOREIGN KEY (PatientID)
    REFERENCES A8_PERSON(PersonID) ON DELETE CASCADE;

INSERT INTO A8_PATIENT VALUES (1);
INSERT INTO A8_PATIENT VALUES (2);
INSERT INTO A8_PATIENT VALUES (3);
INSERT INTO A8_PATIENT VALUES (4);
INSERT INTO A8_PATIENT VALUES (5);

-- T3: create table A8_DOCTOR
CREATE TABLE A8_DOCTOR (
    DoctorID NUMBER NOT NULL,
    Type VARCHAR2(20),
    Position VARCHAR2(20),
    EduDegree VARCHAR(20),
    CareerYears NUMBER,
    OfficePhone VARCHAR(20)
);
ALTER TABLE A8_DOCTOR ADD CONSTRAINT A8_DOCTOR_PK PRIMARY KEY (DoctorID);
ALTER TABLE A8_DOCTOR ADD CONSTRAINT A8_DOCTOR_FK FOREIGN KEY (DoctorID)
    REFERENCES A8_PERSON(PersonID) ON DELETE CASCADE;

ALTER TABLE A8_DOCTOR ADD CONSTRAINT A8_DOCTOR_OfficePhone_CK
    CHECK (REGEXP_LIKE(OfficePhone, '^[[:digit:]]{10}$'));
ALTER TABLE A8_DOCTOR ADD CONSTRAINT A8_DOCTOR_OfficePhone_CK2
    CHECK (REGEXP_LIKE(Position, 'O|P'));

INSERT INTO A8_DOCTOR VALUES (6, 'Brain', 'O', 'PHD', 21, '7328192010');
INSERT INTO A8_DOCTOR VALUES (7, 'Stomach', 'P', 'PHD', 27, '3839291067');
INSERT INTO A8_DOCTOR VALUES (8, 'Eye', 'O', 'Master', 12, '2819281921');
INSERT INTO A8_DOCTOR VALUES (9, 'Bone', 'P', 'PHD', 25, '2819291021');
INSERT INTO A8_DOCTOR VALUES (10, 'Lung', 'O', 'Master', 11, '2819192018');

-- T4: create table A8_NURSE
CREATE TABLE A8_NURSE (
    NurseID NUMBER NOT NULL,
    NursingYears NUMBER
);
ALTER TABLE A8_NURSE ADD CONSTRAINT A8_NURSE_PK PRIMARY KEY (NurseID);
ALTER TABLE A8_NURSE ADD CONSTRAINT A8_NURSE_FK FOREIGN KEY (NurseID)
    REFERENCES A8_PERSON(PersonID) ON DELETE CASCADE;

INSERT INTO A8_NURSE VALUES (11, 23);
INSERT INTO A8_NURSE VALUES (12, 14);
INSERT INTO A8_NURSE VALUES (13, 15);
INSERT INTO A8_NURSE VALUES (14, 3);
INSERT INTO A8_NURSE VALUES (15, 6);
INSERT INTO A8_NURSE VALUES (21, 22);
INSERT INTO A8_NURSE VALUES (22, 16);
INSERT INTO A8_NURSE VALUES (23, 10);
INSERT INTO A8_NURSE VALUES (24, 8);
INSERT INTO A8_NURSE VALUES (25, 9);
INSERT INTO A8_NURSE VALUES (26, 5);

-- T5: create table A8_HIRED_NURSE
CREATE TABLE A8_HIRED_NURSE (
    HiredNurseID NUMBER NOT NULL
);
ALTER TABLE A8_HIRED_NURSE ADD CONSTRAINT A8_HIRED_NURSE_PK PRIMARY KEY (HiredNurseID);
ALTER TABLE A8_HIRED_NURSE ADD CONSTRAINT A8_HIRED_NURSE_FK FOREIGN KEY (HiredNurseID)
    REFERENCES A8_NURSE(NurseID) ON DELETE CASCADE;

INSERT INTO A8_HIRED_NURSE VALUES (11);
INSERT INTO A8_HIRED_NURSE VALUES (12);
INSERT INTO A8_HIRED_NURSE VALUES (13);
INSERT INTO A8_HIRED_NURSE VALUES (14);
INSERT INTO A8_HIRED_NURSE VALUES (21);
INSERT INTO A8_HIRED_NURSE VALUES (22);
INSERT INTO A8_HIRED_NURSE VALUES (23);
INSERT INTO A8_HIRED_NURSE VALUES (24);
INSERT INTO A8_HIRED_NURSE VALUES (25);

-- T6: create table A8_INDIVIDUAL_NURSE
CREATE TABLE A8_INDIVIDUAL_NURSE (
    IndiNurseID NUMBER NOT NULL
);
ALTER TABLE A8_INDIVIDUAL_NURSE ADD CONSTRAINT A8_INDIVIDUAL_NURSE_PK PRIMARY KEY (IndiNurseID);
ALTER TABLE A8_INDIVIDUAL_NURSE ADD CONSTRAINT A8_INDIVIDUAL_NURSE_FK FOREIGN KEY (IndiNurseID)
    REFERENCES A8_NURSE(NurseID) ON DELETE CASCADE;

INSERT INTO A8_INDIVIDUAL_NURSE VALUES (15);
INSERT INTO A8_INDIVIDUAL_NURSE VALUES (26);

-- T7: create table A8_DEPENDENT
CREATE TABLE A8_DEPENDENT (
    DependentID NUMBER NOT NULL,
    PatientID NUMBER NOT NULL,
    Relationship VARCHAR2(20)
);
ALTER TABLE A8_DEPENDENT ADD CONSTRAINT A8_DEPENDENT_PK PRIMARY KEY (DependentID, PatientID);
ALTER TABLE  A8_DEPENDENT ADD CONSTRAINT  A8_DEPENDENT_FK FOREIGN KEY (DependentID)
    REFERENCES A8_PERSON(PersonID) ON DELETE CASCADE;
ALTER TABLE  A8_DEPENDENT ADD CONSTRAINT A8_DEPENDENT_FK2 FOREIGN KEY (PatientID)
    REFERENCES A8_PATIENT(PatientID) ON DELETE CASCADE;

INSERT INTO A8_DEPENDENT VALUES (16, 1, 'daughter');
INSERT INTO A8_DEPENDENT VALUES (17, 2, 'brother');
INSERT INTO A8_DEPENDENT VALUES (18, 3, 'sister');
INSERT INTO A8_DEPENDENT VALUES (19, 4, 'mother');
INSERT INTO A8_DEPENDENT VALUES (20, 5, 'father');

-- T8: create table A8_SKILL
CREATE TABLE A8_SKILL (
    SkillNM VARCHAR2(30) NOT NULL,
    Description VARCHAR(50)
);
ALTER TABLE A8_SKILL ADD CONSTRAINT A8_SKILL_PK PRIMARY KEY (SkillNM);

INSERT INTO A8_SKILL VALUES ('SkillA', 'necessary');
INSERT INTO A8_SKILL VALUES ('SkillB', 'qualificatin');
INSERT INTO A8_SKILL VALUES ('SkillC', 'important');
INSERT INTO A8_SKILL VALUES ('SkillD', 'medium');
INSERT INTO A8_SKILL VALUES ('SkillE', 'necessary');

-- T9: create table A8_HOSPITAL
CREATE TABLE A8_HOSPITAL (
    HospitalNM VARCHAR2(50) NOT NULL,
    PhoneNumber VARCHAR2(20),
    FaxNumber VARCHAR2(20),
    HospitalLevel NUMBER,
    Website VARCHAR2(50),
    State VARCHAR2(20),
    City VARCHAR2(20),
    Street VARCHAR2(20),
    Zip VARCHAR2(20)
);
ALTER TABLE A8_HOSPITAL ADD CONSTRAINT A8_HOSPITAL_PK PRIMARY KEY (HospitalNM);

ALTER TABLE A8_HOSPITAL ADD CONSTRAINT A8_HOSPITAL_PhoneNumber_CK
    CHECK (REGEXP_LIKE(PhoneNumber, '^[[:digit:]]{10}$'));
ALTER TABLE A8_HOSPITAL ADD CONSTRAINT A8_HOSPITAL_FaxNumber_CK
    CHECK (REGEXP_LIKE(FaxNumber, '^[[:digit:]]{10}$'));
ALTER TABLE A8_HOSPITAL ADD CONSTRAINT A8_HOSPITAL_Zip_CK
    CHECK (REGEXP_LIKE(Zip, '^[[:digit:]]{5}[-/.][[:digit:]]{4}$') or REGEXP_LIKE(Zip, '^[0-9]{5}$' ));
ALTER TABLE A8_HOSPITAL ADD CONSTRAINT A8_HOSPITAL_Website_CK
    CHECK (REGEXP_LIKE(Website, '^(www\.){1}[a-zA-Z0-9]+(\.com){1}$'));
ALTER TABLE A8_HOSPITAL ADD CONSTRAINT A8_HOSPITAL_HospitalLevel_CK
    CHECK (REGEXP_LIKE(HospitalLevel, '^[1-3]{1}$'));

INSERT INTO A8_HOSPITAL VALUES ('Hospital A', '7281920163', '2718287529', 2, 'www.hospitalA.com', 'CO', 'Denver', 'street7', '63721');
INSERT INTO A8_HOSPITAL VALUES ('Hospital B', '7382819201', '3729172912', 3, 'www.hospiatlB.com', 'IL', 'Urbana', 'street2', '37183');

-- T10: create table A8_NURSING_INSTITUTION
CREATE TABLE A8_NURSING_INSTITUTION (
    NursingInstNM VARCHAR2(50) NOT NULL,
    PhoneNumber NUMBER,
    FaxNumber NUMBER,
    State VARCHAR2(20),
    City VARCHAR2(20),
    Street VARCHAR2(20),
    Zip VARCHAR2(20)
);
ALTER TABLE A8_NURSING_INSTITUTION ADD CONSTRAINT A8_NURSINGInst_PK PRIMARY KEY (NursingInstNM);

ALTER TABLE A8_NURSING_INSTITUTION ADD CONSTRAINT A8_NURSINGInst_PhoneNumber_CK
    CHECK (REGEXP_LIKE(PhoneNumber, '^[[:digit:]]{10}$'));
ALTER TABLE A8_NURSING_INSTITUTION ADD CONSTRAINT A8_NURSINGInst_FaxNumber_CK
    CHECK (REGEXP_LIKE(FaxNumber, '^[[:digit:]]{10}$'));
ALTER TABLE A8_NURSING_INSTITUTION ADD CONSTRAINT A8_NURSINGInst_CK
    CHECK (REGEXP_LIKE(Zip, '^[[:digit:]]{5}[-/.][[:digit:]]{4}$') or REGEXP_LIKE(Zip, '^[0-9]{5}$' ));

INSERT INTO A8_NURSING_INSTITUTION VALUES ('Institution A', '7382193732', '2819219212', 'IL', 'Champaign', 'street3', '28102');
INSERT INTO A8_NURSING_INSTITUTION VALUES ('Institution B', '7381291021', '2819271912', 'AR', 'Littel rock', 'street5', '37281');

-- T11: create table A8_DISEASE
CREATE TABLE A8_DISEASE (
    DiseaseNM VARCHAR2(20) NOT NULL,
    Description VARCHAR2(100)
);
ALTER TABLE A8_DISEASE ADD CONSTRAINT A8_DISEASE_PK PRIMARY KEY (DiseaseNM);

INSERT INTO A8_DISEASE VALUES ('Disease A', 'Eye problem');
INSERT INTO A8_DISEASE VALUES ('Disease B', 'Brain problem');
INSERT INTO A8_DISEASE VALUES ('Disease C', 'Lung problem');
INSERT INTO A8_DISEASE VALUES ('Disease D', 'Eye problem');
INSERT INTO A8_DISEASE VALUES ('Disease E', 'Belly problem');
INSERT INTO A8_DISEASE VALUES ('Disease F', 'Cancer');
INSERT INTO A8_DISEASE VALUES ('Disease G', 'Blood problem');

-- T12: create table A8_DRUG
CREATE TABLE A8_DRUG (
    DrugID NUMBER NOT NULL,
    DrugNM VARCHAR2(50),
    Description VARCHAR2(100),
    MadeYear NUMBER,
    MadeBY VARCHAR2(20),
    ExpireDT DATE,
    Price NUMBER,
    IsPrescription VARCHAR2(5)
);
ALTER TABLE A8_DRUG ADD CONSTRAINT A8_DRUG_PK PRIMARY KEY (DrugID);

ALTER TABLE A8_DRUG ADD CONSTRAINT A8_IsPrescription_CK
    CHECK (REGEXP_LIKE(IsPrescription, 'Y|N'));

INSERT INTO A8_DRUG VALUES (1, 'Drug A', 'Side effects', 2016, 'AAA', TO_DATE('2018-11-01','YYYY-MM-DD'), 25, 'Y');
INSERT INTO A8_DRUG VALUES (2, 'Drug B', 'Blood', 2015, 'BBB', TO_DATE('2018-05-21','YYYY-MM-DD'), 34, 'Y');
INSERT INTO A8_DRUG VALUES (3, 'Drug C', 'Eye', 2016, 'CCC', TO_DATE('2018-12-03','YYYY-MM-DD'), 51, 'Y');
INSERT INTO A8_DRUG VALUES (4, 'Drug D', 'Blood', 2014, 'AAA', TO_DATE('2019-11-01','YYYY-MM-DD'), 20, 'N');
INSERT INTO A8_DRUG VALUES (5, 'Drug E', 'Brain', 2015, 'DDD', TO_DATE('2019-09-25','YYYY-MM-DD'), 36, 'Y');
INSERT INTO A8_DRUG VALUES (6, 'Drug F', 'Cancer', 2016, 'RRR', TO_DATE('2017-12-31','YYYY-MM-DD'), 46, 'N');
INSERT INTO A8_DRUG VALUES (7, 'Drug G', 'Lung', 2017, 'EEE', TO_DATE('2019-11-25','YYYY-MM-DD'), 89, 'Y');
INSERT INTO A8_DRUG VALUES (8, 'Drug H', 'Stomach', 2016, 'RRR', TO_DATE('2019-05-30','YYYY-MM-DD'), 189, 'Y');
INSERT INTO A8_DRUG VALUES (9, 'Drug I', 'Mouth', 2015, 'AAA', TO_DATE('2019-06-30','YYYY-MM-DD'), 21, 'N');
INSERT INTO A8_DRUG VALUES (10, 'Drug J', 'Flu', 2016, 'WWW', TO_DATE('2018-03-30','YYYY-MM-DD'), 23, 'Y');

-- T13: create table A8_HOSPITAL_HIRED_NURSE
CREATE TABLE A8_HOSPITAL_HIRED_NURSE (
    HospitalNM VARCHAR2(50) NOT NULL,
    HiredNurseID NUMBER NOT NULL,
    HiredDT DATE
);
ALTER TABLE A8_HOSPITAL_HIRED_NURSE ADD CONSTRAINT A8_HHN_PK PRIMARY KEY (HospitalNM, HiredNurseID);
ALTER TABLE  A8_HOSPITAL_HIRED_NURSE ADD CONSTRAINT  A8_HHN_FK FOREIGN KEY (HiredNurseID)
    REFERENCES A8_HIRED_NURSE(HiredNurseID) ON DELETE CASCADE;
ALTER TABLE  A8_HOSPITAL_HIRED_NURSE ADD CONSTRAINT  A8_HHN_FK2 FOREIGN KEY (HospitalNM)
    REFERENCES A8_HOSPITAL(HospitalNM) ON DELETE CASCADE;

INSERT INTO A8_HOSPITAL_HIRED_NURSE VALUES ('Hospital A', 11, TO_DATE('2003-03-30','YYYY-MM-DD'));
INSERT INTO A8_HOSPITAL_HIRED_NURSE VALUES ('Hospital A', 12, TO_DATE('2001-05-20','YYYY-MM-DD'));
INSERT INTO A8_HOSPITAL_HIRED_NURSE VALUES ('Hospital B', 13, TO_DATE('1999-02-12','YYYY-MM-DD'));
INSERT INTO A8_HOSPITAL_HIRED_NURSE VALUES ('Hospital B', 14, TO_DATE('2014-06-30','YYYY-MM-DD'));

-- T14: create table A8_NURSINGINST_HIRED_NURSE
CREATE TABLE A8_NURSINGINST_HIRED_NURSE (
    NursingInstNM VARCHAR2(50) NOT NULL,
    HiredNurseID NUMBER NOT NULL,
    HiredDT DATE
);
ALTER TABLE A8_NURSINGINST_HIRED_NURSE ADD CONSTRAINT A8_NHN_PK PRIMARY KEY (NursingInstNM, HiredNurseID);
ALTER TABLE  A8_NURSINGINST_HIRED_NURSE ADD CONSTRAINT  A8_NHN_FK FOREIGN KEY (HiredNurseID)
    REFERENCES A8_HIRED_NURSE(HiredNurseID) ON DELETE CASCADE;
ALTER TABLE  A8_NURSINGINST_HIRED_NURSE ADD CONSTRAINT  A8_NHN_FK2 FOREIGN KEY (NursingInstNM)
    REFERENCES A8_NURSING_INSTITUTION(NursingInstNM) ON DELETE CASCADE;

INSERT INTO A8_NURSINGINST_HIRED_NURSE VALUES ('Institution A', 21, TO_DATE('2005-11-20','YYYY-MM-DD'));
INSERT INTO A8_NURSINGINST_HIRED_NURSE VALUES ('Institution A', 22, TO_DATE('2008-04-28','YYYY-MM-DD'));
INSERT INTO A8_NURSINGINST_HIRED_NURSE VALUES ('Institution A', 23, TO_DATE('2010-11-30','YYYY-MM-DD'));
INSERT INTO A8_NURSINGINST_HIRED_NURSE VALUES ('Institution B', 24, TO_DATE('2013-12-30','YYYY-MM-DD'));
INSERT INTO A8_NURSINGINST_HIRED_NURSE VALUES ('Institution B', 25, TO_DATE('2012-05-01','YYYY-MM-DD'));

-- T15: create table A8_DOCTOR_WORKS_IN
CREATE TABLE A8_DOCTOR_WORKS_IN (
    HospitalNM VARCHAR2(50) NOT NULL,
    DoctorID NUMBER NOT NULL,
    HiredDT DATE
);
ALTER TABLE A8_DOCTOR_WORKS_IN ADD CONSTRAINT A8_DWI_PK PRIMARY KEY (HospitalNM, DoctorID);
ALTER TABLE  A8_DOCTOR_WORKS_IN ADD CONSTRAINT  A8_DWI_FK FOREIGN KEY (DoctorID)
    REFERENCES A8_DOCTOR(DoctorID) ON DELETE CASCADE;
ALTER TABLE  A8_DOCTOR_WORKS_IN ADD CONSTRAINT  A8_DWI_FK2 FOREIGN KEY (HospitalNM)
    REFERENCES A8_HOSPITAL(HospitalNM) ON DELETE CASCADE;

INSERT INTO A8_DOCTOR_WORKS_IN VALUES ('Hospital A', 6, TO_DATE('1998-09-01','YYYY-MM-DD'));
INSERT INTO A8_DOCTOR_WORKS_IN VALUES ('Hospital A', 7, TO_DATE('2000-12-01','YYYY-MM-DD'));
INSERT INTO A8_DOCTOR_WORKS_IN VALUES ('Hospital A', 8, TO_DATE('2011-04-01','YYYY-MM-DD'));
INSERT INTO A8_DOCTOR_WORKS_IN VALUES ('Hospital B', 9, TO_DATE('2013-06-01','YYYY-MM-DD'));
INSERT INTO A8_DOCTOR_WORKS_IN VALUES ('Hospital B', 10, TO_DATE('2005-05-01','YYYY-MM-DD'));

-- T16: create table A8_DISEASE_HISTORY
CREATE TABLE A8_DISEASE_HISTORY (
    PatientID NUMBER NOT NULL,
    DiseaseNM VARCHAR2(20) NOT NULL,
    Severity NUMBER
);
ALTER TABLE A8_DISEASE_HISTORY ADD CONSTRAINT A8_DH_PK PRIMARY KEY (PatientID, DiseaseNM);
ALTER TABLE  A8_DISEASE_HISTORY ADD CONSTRAINT  A8_DH_FK FOREIGN KEY (PatientID)
    REFERENCES A8_PATIENT(PatientID) ON DELETE CASCADE;
ALTER TABLE  A8_DISEASE_HISTORY ADD CONSTRAINT  A8_DH_FK2 FOREIGN KEY (DiseaseNM)
    REFERENCES A8_DISEASE(DiseaseNM) ON DELETE CASCADE;

ALTER TABLE A8_DISEASE_HISTORY ADD CONSTRAINT A8_DH_CK
    CHECK (REGEXP_LIKE(Severity, '^[1-3]{1}$'));

INSERT INTO A8_DISEASE_HISTORY VALUES (1, 'Disease A', 2);
INSERT INTO A8_DISEASE_HISTORY VALUES (1, 'Disease B', 1);
INSERT INTO A8_DISEASE_HISTORY VALUES (1, 'Disease C', 3);
INSERT INTO A8_DISEASE_HISTORY VALUES (1, 'Disease D', 3);
INSERT INTO A8_DISEASE_HISTORY VALUES (2, 'Disease C', 1);
INSERT INTO A8_DISEASE_HISTORY VALUES (2, 'Disease E', 1);
INSERT INTO A8_DISEASE_HISTORY VALUES (3, 'Disease F', 2);
INSERT INTO A8_DISEASE_HISTORY VALUES (4, 'Disease C', 3);
INSERT INTO A8_DISEASE_HISTORY VALUES (4, 'Disease G', 2);
INSERT INTO A8_DISEASE_HISTORY VALUES (4, 'Disease B', 1);
INSERT INTO A8_DISEASE_HISTORY VALUES (5, 'Disease G', 2);
INSERT INTO A8_DISEASE_HISTORY VALUES (5, 'Disease E', 3);
INSERT INTO A8_DISEASE_HISTORY VALUES (5, 'Disease F', 1);

-- T17: create table A8_PRESCRIPTION
CREATE TABLE A8_PRESCRIPTION (
    PatientID NUMBER NOT NULL,
    DoctorID NUMBER NOT NULL,
    PrescriptionID NUMBER NOT NULL,
    DiseaseNM VARCHAR2(20) NOT NULL,
    DrugID NUMBER NOT NULL,
    DrugQT NUMBER,
    Instruction VARCHAR2(100),
    DiagnoseDT DATE
);
ALTER TABLE A8_PRESCRIPTION 
    ADD CONSTRAINT A8_PRESCRIPTION_PK 
    PRIMARY KEY (PatientID, DoctorID, PrescriptionID, DiseaseNM, DrugID);
ALTER TABLE  A8_PRESCRIPTION ADD CONSTRAINT  A8_PRESCRIPTION_FK FOREIGN KEY (PatientID)
    REFERENCES A8_PATIENT(PatientID) ON DELETE CASCADE;
ALTER TABLE  A8_PRESCRIPTION ADD CONSTRAINT  A8_PRESCRIPTION_FK2 FOREIGN KEY (DoctorID)
    REFERENCES A8_DOCTOR(DoctorID) ON DELETE CASCADE;
ALTER TABLE  A8_PRESCRIPTION ADD CONSTRAINT  A8_PRESCRIPTION_FK3 FOREIGN KEY (DiseaseNM)
    REFERENCES A8_DISEASE(DiseaseNM) ON DELETE CASCADE;
ALTER TABLE  A8_PRESCRIPTION ADD CONSTRAINT  A8_PRESCRIPTION_FK4 FOREIGN KEY (DrugID)
    REFERENCES A8_DRUG(DrugID) ON DELETE CASCADE;

INSERT INTO A8_PRESCRIPTION VALUES (1, 6, 1, 'Disease A', 1, 4, 'Two times a day', TO_DATE('2017-05-01','YYYY-MM-DD'));
INSERT INTO A8_PRESCRIPTION VALUES (1, 6, 2, 'Disease B', 2, 3, 'Three times a day', TO_DATE('2017-05-01','YYYY-MM-DD'));
INSERT INTO A8_PRESCRIPTION VALUES (1, 6, 3, 'Disease C', 3, 2, 'Two times a day', TO_DATE('2017-05-01','YYYY-MM-DD'));
INSERT INTO A8_PRESCRIPTION VALUES (1, 7, 4, 'Disease D', 4, 2, 'One time a day', TO_DATE('2017-10-01','YYYY-MM-DD'));
INSERT INTO A8_PRESCRIPTION VALUES (2, 8, 6, 'Disease C', 3, 3, 'One time a day', TO_DATE('2017-11-01','YYYY-MM-DD'));
INSERT INTO A8_PRESCRIPTION VALUES (2, 8, 7, 'Disease C', 5, 2, 'One time a day', TO_DATE('2017-11-01','YYYY-MM-DD'));
INSERT INTO A8_PRESCRIPTION VALUES (2, 6, 8, 'Disease E', 2, 1, 'Two times a day', TO_DATE('2017-12-01','YYYY-MM-DD'));
INSERT INTO A8_PRESCRIPTION VALUES (2, 9, 9, 'Disease E', 4, 5, 'Five times a day', TO_DATE('2017-11-21','YYYY-MM-DD'));
INSERT INTO A8_PRESCRIPTION VALUES (3, 10, 10, 'Disease F', 2, 1, 'One time a day', TO_DATE('2017-12-11','YYYY-MM-DD'));
INSERT INTO A8_PRESCRIPTION VALUES (4, 8, 11, 'Disease C', 8, 3, 'Two times a day', TO_DATE('2017-12-12','YYYY-MM-DD'));
INSERT INTO A8_PRESCRIPTION VALUES (4, 8, 12, 'Disease C', 7, 2, 'Two times a day', TO_DATE('2017-11-11','YYYY-MM-DD'));
INSERT INTO A8_PRESCRIPTION VALUES (4, 7, 13, 'Disease G', 6, 3, 'Three times a day', TO_DATE('2017-11-21','YYYY-MM-DD'));
INSERT INTO A8_PRESCRIPTION VALUES (4, 9, 14, 'Disease B', 9, 1, 'One time a day', TO_DATE('2017-10-15','YYYY-MM-DD'));
INSERT INTO A8_PRESCRIPTION VALUES (5, 9, 15, 'Disease G', 3, 2, 'Two times a day', TO_DATE('2017-12-09','YYYY-MM-DD'));
INSERT INTO A8_PRESCRIPTION VALUES (5, 9, 16, 'Disease G', 6, 1, 'One time a day', TO_DATE('2017-12-09','YYYY-MM-DD'));
INSERT INTO A8_PRESCRIPTION VALUES (5, 7, 17, 'Disease E', 7, 2, 'Three times a day', TO_DATE('2017-12-03','YYYY-MM-DD'));
INSERT INTO A8_PRESCRIPTION VALUES (5, 7, 18, 'Disease E', 8, 1, 'One time a day', TO_DATE('2017-12-03','YYYY-MM-DD'));
INSERT INTO A8_PRESCRIPTION VALUES (5, 8, 19, 'Disease F', 6, 3, 'Two times a day', TO_DATE('2017-12-02','YYYY-MM-DD'));

-- T18: create table A8_DUTY_HOUR
CREATE TABLE A8_DUTY_HOUR (
    DoctorID NUMBER NOT NULL,
    DutyDT DATE NOT NULL,
    StartTM DATE NOT NULL,
    EndTM DATE NOT NULL
);
ALTER TABLE A8_DUTY_HOUR ADD CONSTRAINT A8_DUTY_HOUR_PK PRIMARY KEY (DoctorID, DutyDT, StartTM, EndTM);
ALTER TABLE  A8_DUTY_HOUR ADD CONSTRAINT  A8_DUTY_HOUR_FK FOREIGN KEY (DoctorID)
    REFERENCES A8_DOCTOR(DoctorID) ON DELETE CASCADE;

INSERT INTO A8_DUTY_HOUR VALUES (6, TO_DATE('2017-12-20','YYYY-MM-DD'), TO_DATE('15:00:00','HH24:MI:SS'), TO_DATE('16:00:00','HH24:MI:SS'));
INSERT INTO A8_DUTY_HOUR VALUES (6, TO_DATE('2017-12-21','YYYY-MM-DD'), TO_DATE('09:30:00','HH24:MI:SS'), TO_DATE('11:00:00','HH24:MI:SS'));
INSERT INTO A8_DUTY_HOUR VALUES (7, TO_DATE('2017-12-20','YYYY-MM-DD'), TO_DATE('12:00:00','HH24:MI:SS'), TO_DATE('13:00:00','HH24:MI:SS'));
INSERT INTO A8_DUTY_HOUR VALUES (7, TO_DATE('2017-12-28','YYYY-MM-DD'), TO_DATE('10:00:00','HH24:MI:SS'), TO_DATE('11:00:00','HH24:MI:SS'));
INSERT INTO A8_DUTY_HOUR VALUES (7, TO_DATE('2017-12-23','YYYY-MM-DD'), TO_DATE('08:00:00','HH24:MI:SS'), TO_DATE('09:00:00','HH24:MI:SS'));
INSERT INTO A8_DUTY_HOUR VALUES (8, TO_DATE('2017-12-24','YYYY-MM-DD'), TO_DATE('18:00:00','HH24:MI:SS'), TO_DATE('19:00:00','HH24:MI:SS'));
INSERT INTO A8_DUTY_HOUR VALUES (8, TO_DATE('2017-12-26','YYYY-MM-DD'), TO_DATE('15:00:00','HH24:MI:SS'), TO_DATE('19:30:00','HH24:MI:SS'));
INSERT INTO A8_DUTY_HOUR VALUES (8, TO_DATE('2017-12-27','YYYY-MM-DD'), TO_DATE('12:00:00','HH24:MI:SS'), TO_DATE('18:00:00','HH24:MI:SS'));
INSERT INTO A8_DUTY_HOUR VALUES (9, TO_DATE('2017-12-21','YYYY-MM-DD'), TO_DATE('14:00:00','HH24:MI:SS'), TO_DATE('19:00:00','HH24:MI:SS'));
INSERT INTO A8_DUTY_HOUR VALUES (9, TO_DATE('2017-12-23','YYYY-MM-DD'), TO_DATE('14:00:00','HH24:MI:SS'), TO_DATE('15:00:00','HH24:MI:SS'));

-- T19: create table A8_SKILL_IN
CREATE TABLE A8_SKILL_IN (
    NurseID NUMBER NOT NULL,
    SkillNM VARCHAR2(30) NOT NULL,
    CertNM VARCHAR2(20),
    CertDT DATE
);
ALTER TABLE A8_SKILL_IN ADD CONSTRAINT A8_SKILL_IN_PK PRIMARY KEY (NurseID, SkillNM);
ALTER TABLE  A8_SKILL_IN ADD CONSTRAINT  A8_SKILL_IN_FK1 FOREIGN KEY (NurseID)
    REFERENCES A8_NURSE(NurseID) ON DELETE CASCADE;
ALTER TABLE  A8_SKILL_IN ADD CONSTRAINT  A8_SKILL_IN_FK2 FOREIGN KEY (SkillNM)
    REFERENCES A8_SKILL(SkillNM) ON DELETE CASCADE;

INSERT INTO A8_SKILL_IN VALUES (11, 'SkillA', 'Cert A', TO_DATE('2007-12-20','YYYY-MM-DD'));
INSERT INTO A8_SKILL_IN VALUES (11, 'SkillB', 'Cert B', TO_DATE('2006-11-20','YYYY-MM-DD'));
INSERT INTO A8_SKILL_IN VALUES (12, 'SkillA', 'Cert A', TO_DATE('2012-10-15','YYYY-MM-DD'));
INSERT INTO A8_SKILL_IN VALUES (12, 'SkillC', 'Cert C', TO_DATE('2013-09-23','YYYY-MM-DD'));
INSERT INTO A8_SKILL_IN VALUES (12, 'SkillE', 'Cert E', TO_DATE('2013-10-15','YYYY-MM-DD'));
INSERT INTO A8_SKILL_IN VALUES (13, 'SkillD', 'Cert D', TO_DATE('2008-11-20','YYYY-MM-DD'));
INSERT INTO A8_SKILL_IN VALUES (14, 'SkillE', 'Cert E', TO_DATE('2015-03-24','YYYY-MM-DD'));
INSERT INTO A8_SKILL_IN VALUES (14, 'SkillA', 'Cert A', TO_DATE('2016-12-18','YYYY-MM-DD'));
INSERT INTO A8_SKILL_IN VALUES (15, 'SkillB', 'Cert B', TO_DATE('2014-08-13','YYYY-MM-DD'));
INSERT INTO A8_SKILL_IN VALUES (21, 'SkillC', 'Cert C', TO_DATE('2013-09-29','YYYY-MM-DD'));
INSERT INTO A8_SKILL_IN VALUES (21, 'SkillA', 'Cert A', TO_DATE('2017-11-20','YYYY-MM-DD'));
INSERT INTO A8_SKILL_IN VALUES (22, 'SkillE', 'Cert E', TO_DATE('2014-06-25','YYYY-MM-DD'));
INSERT INTO A8_SKILL_IN VALUES (22, 'SkillB', 'Cert B', TO_DATE('2015-11-08','YYYY-MM-DD'));
INSERT INTO A8_SKILL_IN VALUES (23, 'SkillE', 'Cert E', TO_DATE('2016-09-30','YYYY-MM-DD'));
INSERT INTO A8_SKILL_IN VALUES (23, 'SkillD', 'Cert D', TO_DATE('2016-11-14','YYYY-MM-DD'));
INSERT INTO A8_SKILL_IN VALUES (24, 'SkillA', 'Cert A', TO_DATE('2006-07-26','YYYY-MM-DD'));
INSERT INTO A8_SKILL_IN VALUES (25, 'SkillB', 'Cert B', TO_DATE('2012-11-09','YYYY-MM-DD'));
INSERT INTO A8_SKILL_IN VALUES (26, 'SkillA', 'Cert A', TO_DATE('2013-02-12','YYYY-MM-DD'));

-- T20: create table A8_JOB
CREATE TABLE A8_JOB (
    PatientID NUMBER NOT NULL,
    NurseID NUMBER NOT NULL,
    SkillNM VARCHAR2 (30),
    StartDT DATE,
    EndDT DATE,
    EstimatedCost NUMBER,
    ActualCost NUMBER
);
ALTER TABLE A8_JOB ADD CONSTRAINT A8_JOB_PK PRIMARY KEY (PatientID, NurseID, SkillNM);
ALTER TABLE  A8_JOB ADD CONSTRAINT  A8_JOB_FK FOREIGN KEY (PatientID)
    REFERENCES A8_PATIENT(PatientID) ON DELETE CASCADE;
ALTER TABLE  A8_JOB ADD CONSTRAINT  A8_JOB_FK2 FOREIGN KEY (NurseID)
    REFERENCES A8_NURSE(NurseID) ON DELETE CASCADE;
ALTER TABLE  A8_JOB ADD CONSTRAINT  A8_JOB_FK3 FOREIGN KEY (SkillNM)
    REFERENCES A8_SKILL(SkillNM) ON DELETE CASCADE;

INSERT INTO A8_JOB VALUES (1, 11, 'SkillA', TO_DATE('2017-11-12','YYYY-MM-DD'), TO_DATE('2017-11-13','YYYY-MM-DD'), 120, 130);
INSERT INTO A8_JOB VALUES (2, 12, 'SkillB', TO_DATE('2017-11-21','YYYY-MM-DD'), TO_DATE('2017-11-23','YYYY-MM-DD'), 260, 240);
INSERT INTO A8_JOB VALUES (2, 13, 'SkillD', TO_DATE('2017-11-08','YYYY-MM-DD'), TO_DATE('2017-11-13','YYYY-MM-DD'), 509, 530);
INSERT INTO A8_JOB VALUES (2, 21, 'SkillC', TO_DATE('2017-11-27','YYYY-MM-DD'), TO_DATE('2017-11-28','YYYY-MM-DD'), 160, 180);
INSERT INTO A8_JOB VALUES (3, 15, 'SkillB', TO_DATE('2017-12-01','YYYY-MM-DD'), TO_DATE('2017-12-03','YYYY-MM-DD'), 254, 281);
INSERT INTO A8_JOB VALUES (3, 26, 'SkillA', TO_DATE('2017-11-10','YYYY-MM-DD'), TO_DATE('2017-11-20','YYYY-MM-DD'), 1009, 1200);
INSERT INTO A8_JOB VALUES (4, 22, 'SkillE', TO_DATE('2017-11-05','YYYY-MM-DD'), TO_DATE('2017-11-09','YYYY-MM-DD'), 897, 907);
INSERT INTO A8_JOB VALUES (4, 23, 'SkillD', TO_DATE('2017-12-09','YYYY-MM-DD'), TO_DATE('2017-12-10','YYYY-MM-DD'), 189, 245);
INSERT INTO A8_JOB VALUES (5, 14, 'SkillE', TO_DATE('2017-11-25','YYYY-MM-DD'), TO_DATE('2017-11-30','YYYY-MM-DD'), 896, 786);

    
-- Query (a)
SELECT A8_PERSON.FirstNM, A8_PERSON.LastNM, A8_PERSON.PhoneNumber, A8_DOCTOR.OfficePhone, 
A8_HOSPITAL.HospitalNM, A8_DUTY_HOUR.DutyDT,
TO_CHAR(A8_DUTY_HOUR.StartTM,'HH24:MI:SS') AS StartTM, TO_CHAR(A8_DUTY_HOUR.EndTM, 'HH24:MI:SS') AS EndTM
FROM ML26.A8_PRESCRIPTION, ML26.A8_DOCTOR, ML26.A8_DOCTOR_WORKS_IN, ML26.A8_DUTY_HOUR, ML26.A8_PERSON, ML26.A8_HOSPITAL
WHERE A8_PRESCRIPTION.DoctorID = A8_DOCTOR.DoctorID
AND A8_PRESCRIPTION.DoctorID = A8_DOCTOR_WORKS_IN.DoctorID
AND A8_PRESCRIPTION.DoctorID = A8_DUTY_HOUR.DoctorID
AND A8_DOCTOR.DoctorID = A8_PERSON.PersonID
AND A8_DOCTOR_WORKS_IN.HospitalNM = A8_HOSPITAL.HospitalNM
AND A8_PRESCRIPTION.PatientID = 1;

/*
Candy	Vrow	3729192018	7328192010	Hospital A	21-12月-17	09:30:00	11:00:00
Candy	Vrow	3729192018	7328192010	Hospital A	20-12月-17	15:00:00	16:00:00
Candy	Vrow	3729192018	7328192010	Hospital A	21-12月-17	09:30:00	11:00:00
Candy	Vrow	3729192018	7328192010	Hospital A	20-12月-17	15:00:00	16:00:00
Candy	Vrow	3729192018	7328192010	Hospital A	21-12月-17	09:30:00	11:00:00
Candy	Vrow	3729192018	7328192010	Hospital A	20-12月-17	15:00:00	16:00:00
David	Hook	4738829311	3839291067	Hospital A	28-12月-17	10:00:00	11:00:00 */

-- Query (b)
SELECT A8_PERSON.FirstNM, A8_PERSON.LastNM, A8_PERSON.Age, A8_PERSON.PhoneNumber, A8_DISEASE.DiseaseNM, A8_DISEASE.Description
FROM (ML26.A8_PERSON
      JOIN ML26.A8_PATIENT ON A8_PERSON.PersonID = A8_PATIENT.PatientID
      JOIN ML26.A8_DISEASE_HISTORY ON A8_PATIENT.PatientID = A8_DISEASE_HISTORY.PatientID
      JOIN ML26.A8_DISEASE ON A8_DISEASE_HISTORY.DiseaseNM = A8_DISEASE.DiseaseNM)
WHERE A8_PERSON.PersonID IN (SELECT A8_DISEASE_HISTORY.PatientID 
                             FROM ML26.A8_DISEASE_HISTORY
                             WHERE A8_DISEASE_HISTORY.Severity = 3
                             GROUP BY A8_DISEASE_HISTORY.PatientID
                             HAVING COUNT(A8_DISEASE_HISTORY.PatientID) > 1)
AND A8_DISEASE_HISTORY.Severity = 3;

/*
Ann	Dhis	21	7382919281	Disease C	Lung problem
Ann	Dhis	21	7382919281	Disease D	Eye problem */

-- Query(c)
SELECT A8_PERSON.FirstNM, A8_PERSON.LastNM, A8_PERSON.Age, A8_PERSON.Gender,
       SUM(A8_PRESCRIPTION.DrugQT * A8_DRUG.Price) AS TotalPrice
FROM (ML26.A8_PERSON
      JOIN ML26.A8_PATIENT ON A8_PERSON.PersonID = A8_PATIENT.PatientID
      JOIN ML26.A8_PRESCRIPTION ON A8_PATIENT.PatientID = A8_PRESCRIPTION.PatientID
      JOIN ML26. A8_DRUG ON A8_PRESCRIPTION.DrugID = A8_DRUG.DrugID)
GROUP BY A8_PERSON.FirstNM, A8_PERSON.LastNM, A8_PERSON.Age, A8_PERSON.Gender;

/*
Ann	    Dhis	21	F	344
Fred	Ashdo	34	M	34
Wendy	Ersoa	66	F	904
John	Lan	    32	M	653
Bill	Vdhi	45	M	359 */

-- Query(d)
SELECT  A8_PERSON.FirstNM, A8_PERSON.LastNM, A8_PERSON.PhoneNumber, A8_NURSE.NursingYears,
        A8_HOSPITAL.HospitalNM, A8_HOSPITAL.PhoneNumber AS HospitalPhone, A8_HOSPITAL.State, A8_HOSPITAL.City, A8_HOSPITAL.Street, A8_HOSPITAL.Zip
FROM ML26.A8_PERSON, ML26.A8_NURSE, ML26.A8_HOSPITAL, ML26.A8_HOSPITAL_HIRED_NURSE, ML26.A8_SKILL_IN, ML26.A8_HIRED_NURSE
WHERE A8_PERSON.PersonID = A8_NURSE.NurseID
AND A8_NURSE.NurseID = A8_SKILL_IN.NurseID
AND A8_NURSE.NurseID = A8_HIRED_NURSE.HiredNurseID
AND A8_HIRED_NURSE.HiredNurseID = A8_HOSPITAL_HIRED_NURSE.HiredNurseID
AND A8_HOSPITAL_HIRED_NURSE.HospitalNM = A8_HOSPITAL.HospitalNM
AND A8_SKILL_IN.SkillNM = 'SkillA'
AND A8_NURSE.NursingYears > 15;

/*
Masaki	Suda	5748383910	23	Hospital A	7281920163	CO	Denver	street7	63721 */

-- Query(e)
SELECT A8_PERSON.FirstNM, A8_PERSON.LastNM, A8_PERSON.State, A8_PERSON.City, A8_PERSON.Street, A8_PERSON.Zip, SUM(A8_JOB.ActualCost) AS TotalSalary
FROM ML26.A8_PERSON, ML26.A8_NURSE, ML26.A8_JOB
WHERE A8_PERSON.PersonID = A8_NURSE.NurseID
AND A8_NURSE.NurseID = A8_JOB.NurseID
GROUP BY A8_PERSON.FirstNM, A8_PERSON.LastNM, A8_PERSON.State, A8_PERSON.City, A8_PERSON.Street, A8_PERSON.Zip;

/*
Shirley	Insma	IL	Urbana	    street1	61801	530
Esheima	Ehdiao	IL	Champaign	street2	82918	180
Lisa	Wang	IL	Champaign	street2	82918	281
Thomas	Wieknd	CA	San Fransisco	street8	28192	786
Wangfu	Qin	    CO	Denver	    street7	63721	245 */

-- Grant access to instructor
GRANT SELECT ON A8_PERSON TO GSLISDM;
GRANT SELECT ON A8_NURSE TO GSLISDM;
GRANT SELECT ON A8_PATIENT TO GSLISDM;
GRANT SELECT ON A8_DEPENDENT TO GSLISDM;
GRANT SELECT ON A8_DOCTOR TO GSLISDM;
GRANT SELECT ON A8_HIRED_NURSE TO GSLISDM;
GRANT SELECT ON A8_INDIVIDUAL_NURSE TO GSLISDM;
GRANT SELECT ON A8_DISEASE TO GSLISDM;
GRANT SELECT ON A8_DISEASE_HISTORY TO GSLISDM;
GRANT SELECT ON A8_DOCTOR_WORKS_IN TO GSLISDM;
GRANT SELECT ON A8_DRUG TO GSLISDM;
GRANT SELECT ON A8_DUTY_HOUR TO GSLISDM;
GRANT SELECT ON A8_HOSPITAL TO GSLISDM;
GRANT SELECT ON A8_HOSPITAL_HIRED_NURSE TO GSLISDM;
GRANT SELECT ON A8_JOB TO GSLISDM;
GRANT SELECT ON A8_NURSING_INSTITUTION TO GSLISDM;
GRANT SELECT ON A8_NURSINGINST_HIRED_NURSE TO GSLISDM;
GRANT SELECT ON A8_PRESCRIPTION TO GSLISDM;
GRANT SELECT ON A8_SKILL TO GSLISDM;
GRANT SELECT ON A8_SKILL_IN TO GSLISDM;



GRANT SELECT ON A8_PERSON TO jguo24;
GRANT SELECT ON A8_NURSE TO jguo24;
GRANT SELECT ON A8_PATIENT TO jguo24;
GRANT SELECT ON A8_DEPENDENT TO jguo24;
GRANT SELECT ON A8_DOCTOR TO jguo24;
GRANT SELECT ON A8_HIRED_NURSE TO jguo24;
GRANT SELECT ON A8_INDIVIDUAL_NURSE TO jguo24;
GRANT SELECT ON A8_DISEASE TO jguo24;
GRANT SELECT ON A8_DISEASE_HISTORY TO jguo24;
GRANT SELECT ON A8_DOCTOR_WORKS_IN TO jguo24;
GRANT SELECT ON A8_DRUG TO jguo24;
GRANT SELECT ON A8_DUTY_HOUR TO jguo24;
GRANT SELECT ON A8_HOSPITAL TO jguo24;
GRANT SELECT ON A8_HOSPITAL_HIRED_NURSE TO jguo24;
GRANT SELECT ON A8_JOB TO jguo24;
GRANT SELECT ON A8_NURSING_INSTITUTION TO jguo24;
GRANT SELECT ON A8_NURSINGINST_HIRED_NURSE TO jguo24;
GRANT SELECT ON A8_PRESCRIPTION TO jguo24;
GRANT SELECT ON A8_SKILL TO jguo24;
GRANT SELECT ON A8_SKILL_IN TO jguo24;
                    


    



    